name,id,flux/second,f/s (base rate),f/s (base cap),flux/use,f/u (base rate),f/u (base cap),cr/u,max uses,regen,charge up,active,down,cooldown,toggle,noDissipation,noHardDissipation,hardFlux,noFiring,noTurning,noStrafing,noAccel,noShield,noVent,isPhaseCloak,tags,icon
Offense Mode,armaa_energysurge,,,0.02,,,,,,,0.5,6,1,12,FALSE,,TRUE,TRUE,,,,,,FALSE,,,graphics/icons/hullsys/infernium_injector.png
Phase Damper Field,armaa_pdamper,,,,,,,,,,0.25,,0.4,3,TRUE,FALSE,TRUE,TRUE,FALSE,,,,TRUE,TRUE,FALSE,,graphics/icons/hullsys/damper_field.png
Offense Mode(ftr),armaa_energysurge2,,,0.02,,,,,,,0.5,6,1,10,FALSE,,TRUE,TRUE,,,,,,FALSE,,,graphics/icons/hullsys/infernium_injector.png
GU-14 Firebolt Feeder,armaa_fireboltfeed,,,,,,,,,,1,5,1,10,,,,,,,,,,,,,graphics/icons/hullsys/ammo_feeder.png
Phase Damper Field (Production Ver.),armaa_mpdamper,,,,,,,,2,0.05,0.5,3.5,2,2,FALSE,FALSE,TRUE,TRUE,FALSE,,,,,TRUE,FALSE,,graphics/icons/hullsys/damper_field.png
Overshield,armaa_overshield,,,,,,,,,,,,,,TRUE,,,,TRUE,,,,,,,,graphics/icons/hullsys/damper_field.png
K.A.R.M.A.,armaa_karma,,,,,,0.1,,2,0.08,,,0.25,2,FALSE,,,TRUE,,,,,,,,,graphics/icons/hullsys/damper_field.png
Overboost,armaa_oboost,,,,,,,,3,0.1,0.5,1,0.5,1.5,,,,,,,,,,,,,graphics/icons/hullsys/infernium_injector.png
Overboost,armaa_oboost2,,,0.02,,,,,3,0.1,0.25,,0.25,2,TRUE,,TRUE,TRUE,,,,,TRUE,,,,graphics/icons/hullsys/infernium_injector.png
Low-Grade EMP Emitter,armaa_lowgradeemp,1,,,,,0.5,,,,0.4,2,0.5,7,,,,,TRUE,,,,,,,,graphics/icons/hullsys/emp_emitter.png
Phase Teleporter(Fighter),armaa_phaseteleporter,,,,,,0.2,,2,0.1,0.25,0,0.25,,,TRUE,,TRUE,,,,,,,,,graphics/icons/hullsys/displacer.png
Pila,armaa_piladrone,,,,,,0.2,,6,0.1,0,,0,1,,,,,,,,,,,,,graphics/icons/hullsys/drone_pd_high.png
CLAW Bits[FTR],armaa_claw,,,,,,,,6,0.1,0,,0,1,,,,,,,,,,,,,graphics/icons/hullsys/drone_pd_high.png
Pila Ex,armaa_piladrone_ex,,,,,,0.2,,6,0.1,0,,0,1,,,,,,,,,,,,,graphics/icons/hullsys/drone_pd_high.png
Pila,armaa_piladrone_alta,,,,,,0.2,,2,0.05,0,,0,,,,,,,,,,,,,,graphics/icons/hullsys/drone_pd_high.png
Pila,armaa_piladrone_shield,,,,,,0.2,,2,0.05,0,,0,,,,,,,,,,,,,,graphics/icons/hullsys/drone_pd_high.png
Temporal Shell,armaa_tshell,1,,,,,0.25,,,,3,5,2,5,,,,,,,,,,,,,graphics/icons/hullsys/temporal_shell.png
Fuller Auto,armaa_fullerAuto,,,,,,,,,,1,5,1,10,,,,,,,,,,,,,graphics/icons/hullsys/ammo_feeder.png
SILVERSWORD,armaa_silverSword,,,,,,,,,,0.25,,0.5,0.25,TRUE,,,,,,,,,,,,graphics/icons/hullsys/maneuvering_jets.png
Microburn,armaa_mb,1,,,,,,,3,0.2,0.5,0.5,0.5,,,,,,,,TRUE,TRUE,,,,,graphics/icons/hullsys/burn_drive.png
Damper Field,armaa_damper,1,,,,,,,3,0.1,0.5,3,0.5,0,,,,,TRUE,,,,TRUE,TRUE,,,graphics/icons/hullsys/damper_field.png
Amalgamate Feed,armaa_amalgamatefeed,,,,,,0.5,,,,0.5,20,0.5,20,,,,,,,,,,,,,graphics/icons/hullsys/targeting_feed.png
Plasma Jets,armaa_plasmaJets,,,,,,0.25,,5,0.2,0.2,0.5,0.3,0.15,,,,,,,,,,,,,graphics/icons/hullsys/maneuvering_jets.png
Siege Mode,armaa_siegeMode,,,0.03,,,,,,,1,,1,1,TRUE,,,TRUE,,,,,,,,,graphics/icons/hullsys/ammo_feeder.png
Recall Device,armaa_recalldevice,,,,,,0.5,,,,0.5,,0.5,30,,,,,,,,,,,,,graphics/icons/hullsys/recall_device.png
,,,,,,,,,,,,,,,,,,,,,,,,,,,
,,,,,,,,,,,,,,,,,,,,,,,,,,,
,,,,,,,,,,,,,,,,,,,,,,,,,,,
,,,,,,,,,,,,,,,,,,,,,,,,,,,
,,,,,,,,,,,,,,,,,,,,,,,,,,,
,,,,,,,,,,,,,,,,,,,,,,,,,,,
,,,,,,,,,,,,,,,,,,,,,,,,,,,
,,,,,,,,,,,,,,,,,,,,,,,,,,,
,,,,,,,,,,,,,,,,,,,,,,,,,,,
,,,,,,,,,,,,,,,,,,,,,,,,,,,
,,,,,,,,,,,,,,,,,,,,,,,,,,,
,,,,,,,,,,,,,,,,,,,,,,,,,,,
,,,,,,,,,,,,,,,,,,,,,,,,,,,
,,,,,,,,,,,,,,,,,,,,,,,,,,,
,,,,,,,,,,,,,,,,,,,,,,,,,,,
,,,,,,,,,,,,,,,,,,,,,,,,,,,
,,,,,,,,,,,,,,,,,,,,,,,,,,,
,,,,,,,,,,,,,,,,,,,,,,,TRUE,,,,
