{
	"MechaTrail":{
		"engineColor":[100,165,255,120],
		"contrailParticleSizeMult":10.90,
		"contrailParticleDuration":0.12,
		"contrailParticleFinalSizeMult":3.12,		
		"contrailMaxSpeedMult":0.33,
		"contrailAngularVelocityMult":0.33,
		"contrailColor":[33,103,120,52],
		"engineGlowGlowMult":1.45,
		"type":"GLOW" # GLOW or SMOKE
	},
	"MechaTrailZ":{
		"engineColor":[100,165,255,80],
		"contrailParticleSizeMult":5,
		"contrailParticleDuration":0.12,
		"contrailParticleFinalSizeMult":3.12,		
		"contrailMaxSpeedMult":0.33,
		"contrailAngularVelocityMult":0.33,
		"contrailColor":[33,103,120,22],
		"engineGlowGlowMult":1.2,
		"type":"GLOW" # GLOW or SMOKE
	},
"DRONE_ENGINE":{        
        "mode":"QUAD_STRIP", # PARTICLES or QUAD_STRIP, determines which params are used
        "contrailDuration":1.5,
        "contrailWidthMult":1.5,
	"contrailAngularVelocityMult":1f,
        "contrailWidthAddedFractionAtEnd":-1f,  # can be negative. makes trail spread out/narrow at the end
        "contrailMinSeg":5, # min segment length, in pixels
        "contrailMaxSpeedMult":1f,
        "contrailColor":[120,103,33,75],
        "type":"GLOW", # GLOW or SMOKE; additive or regular blend mode
                        
        "glowSprite":"graphics/fx/engineglow32b.png",
        "glowOutline":"graphics/fx/engineflame32b.png",
        "omegaMode":true,
        "glowSizeMult":1,
	"engineGlowGlowMult":1.45,
        "engineColor":[255,100,10,255],
        "glowAlternateColor":[255,165,100,220],
},
	
		
}	
