{
	# The following hull style ids are reserved and can not be used:
	# "sounds", "DEFAULT", "FIGHTER", "FRIGATE", "DESTROYER", "CRUISER", "CAPITAL_SHIP"
	
	"armaa_TECH":{
		"hyperspaceJitterColor":[33,106,109,200],
		"baseCampaignExplosionColor":[55,146,240,255],
		"baseCombatExplosionColor":[255,111,0,255],
		"fighterRepairFlickerColor":[255,255,150,100],
		"fighterChipIconColor":[152,171,75,255],
		"weaponDisabledExplosionColor":[116,64,120,155],
		"shieldRingColor":[255,255,255,200],
		"shieldInnerColor":[125,125,255,75],
		"fluxVentCoreColor":[255,255,255,255],
		"fluxVentFringeColor":[125,0,155,255],
		"engineLoopSet":"engine_loop", 					# id of entry in sounds.json
		"engineAccelerateSet":"engine_accelerate",		# id of entry in sounds.json
		"empLoopSet":"emp_loop",						# id of entry in sounds.json
		"fluxLoopSet":"flux_loop",						# id of entry in sounds.json
		"ventFluxSet":"vent_flux",						# id of entry in sounds.json
		"shieldBurnoutSet":"shield_burnout",			# id of entry in sounds.json
		"shieldLowerSet":"shield_lower",				# id of entry in sounds.json
		"shieldRaiseSet":"shield_raise",				# id of entry in sounds.json
		"explosionShipSet":"explosion_ship",			# id of entry in sounds.json
		"damageDecalSheet":"graphics/damage/damage_decal_sheet_base.png",
		"damageDecalGlowSheet":"graphics/damage/damage_decal_sheet_glow.png",
		
		#"colorShiftCovers":true,
		"coversColorShiftAmount":1,  # 0 to 1
		"coversMatchShipBrightness":false,
		"slotCoverSmallTurret":"graphics/weapons/covers/cover_turret_midline_small.png",
		"slotCoverSmallHardpoint":"graphics/weapons/covers/cover_hardpoint_midline_small.png",
		"slotCoverMediumTurret":"graphics/weapons/covers/cover_turret_midline_medium.png",
		"slotCoverMediumHardpoint":"graphics/weapons/covers/cover_hardpoint_midline_medium.png",
		"slotCoverLargeTurret":"graphics/weapons/covers/cover_turret_midline_large.png",
		"slotCoverLargeHardpoint":"graphics/weapons/covers/cover_hardpoint_midline_large.png",
		
		"dHullOverlayLight":"graphics/damage/dmod_overlay_hightech_light.png",
		"dHullOverlayMedium":"graphics/damage/dmod_overlay_hightech_medium.png",
		"dHullOverlayHeavy":"graphics/damage/dmod_overlay_hightech_heavy.png",
	},
"armaa_HIGH_TECH":{
		"hyperspaceJitterColor":[100,165,255,200],
		"baseCampaignExplosionColor":[130,165,255,255],
		"baseCombatExplosionColor":[130,165,255,255],
		"fighterRepairFlickerColor":[100,165,255,255],
		"fighterChipIconColor":[100,165,255,255],
		"weaponDisabledExplosionColor":[116,64,120,155],
		"shieldRingColor":[255,255,255,255],
		"shieldInnerColor":[125,125,255,75],
		"fluxVentCoreColor":[255,255,255,255],
		"fluxVentFringeColor":[125,0,155,255],
		"engineLoopSet":"engine_loop", 					# id of entry in sounds.json
		"engineAccelerateSet":"engine_accelerate",		# id of entry in sounds.json
		"empLoopSet":"emp_loop",						# id of entry in sounds.json
		"fluxLoopSet":"flux_loop",						# id of entry in sounds.json
		"ventFluxSet":"vent_flux",						# id of entry in sounds.json
		"shieldBurnoutSet":"shield_burnout",			# id of entry in sounds.json
		"shieldLowerSet":"shield_lower",				# id of entry in sounds.json
		"shieldRaiseSet":"shield_raise",				# id of entry in sounds.json
		"explosionShipSet":"explosion_ship",			# id of entry in sounds.json
		"damageDecalSheet":"graphics/damage/damage_decal_sheet_base.png",
		"damageDecalGlowSheet":"graphics/damage/damage_decal_sheet_glow.png",
		
		#"colorShiftCovers":true,
		"coversColorShiftAmount":1,  # 0 to 1
		"coversMatchShipBrightness":true,
		"slotCoverSmallTurret":"graphics/weapons/covers/cover_turret_hightech_small.png",
		"slotCoverSmallHardpoint":"graphics/weapons/covers/cover_hardpoint_hightech_small.png",
		"slotCoverMediumTurret":"graphics/weapons/covers/cover_turret_hightech_medium.png",
		"slotCoverMediumHardpoint":"graphics/weapons/covers/cover_hardpoint_hightech_medium.png",
		"slotCoverLargeTurret":"graphics/weapons/covers/cover_turret_hightech_large.png",
		"slotCoverLargeHardpoint":"graphics/weapons/covers/cover_hardpoint_hightech_large.png",
		
		"dHullOverlayLight":"graphics/damage/dmod_overlay_hightech_light.png",
		"dHullOverlayMedium":"graphics/damage/dmod_overlay_hightech_medium.png",
		"dHullOverlayHeavy":"graphics/damage/dmod_overlay_hightech_heavy.png",
	},
}



