{

# collapseclose

#collapseopen SYSTEMS	
	
	"mechmove":[ 
		{"file":"sounds/armaa/mechmove.ogg","pitch":1,"volume":0.65},
		{"file":"sounds/armaa/mechmove.ogg","pitch":1.03,"volume":0.68},
		{"file":"sounds/armaa/mechmove.ogg","pitch":.97,"volume":0.62},
	],
	"armaa_saber_slash":[ 
		{"file":"sounds/sfx_impacts/beam_hit_01.ogg","pitch":1.03,"volume":1.03},
		{"file":"sounds/sfx_impacts/beam_hit_01.ogg","pitch":1,"volume":1},
		{"file":"sounds/sfx_impacts/beam_hit_01.ogg","pitch":.97,"volume":.97},
	],
	"armaa_saber_loop":[ 
		{"file":"sounds/armaa/armaa_lasersword_loop.ogg","pitch":1.03,"volume":1.03},
		{"file":"sounds/armaa/armaa_lasersword_loop.ogg","pitch":1,"volume":1},
		{"file":"sounds/armaa/armaa_lasersword_loop.ogg","pitch":.97,"volume":.97},
	],
	"armaa_mb_start":[ 
		{"file":"sounds/armaa/armaa_mb_start.ogg","pitch":1,"volume":0.7},
	],
	"armaa_mb_loop":[ 
		{"file":"sounds/armaa/armaa_mb_loop.ogg","pitch":1,"volume":0.7},
	],
	"armaa_grenade_fire":[ 
		{"file":"sounds/armaa/armaa_grenade_fire.ogg","pitch":1,"volume":0.95},
		{"file":"sounds/armaa/armaa_grenade_fire.ogg","pitch":1.03,"volume":0.98},
		{"file":"sounds/armaa/armaa_grenade_fire.ogg","pitch":.97,"volume":0.92},
	],
	"mechmoveRev":[ 
		{"file":"sounds/armaa/mechmoveReverse.ogg","pitch":1,"volume":0.65},
		{"file":"sounds/armaa/mechmoveReverse.ogg","pitch":1.03,"volume":0.68},
		{"file":"sounds/armaa/mechmoveReverse.ogg","pitch":.97,"volume":0.62},
	],
	"armaa_silversword_warning":[ 
		{"file":"sounds/armaa/armaa_silversword_warning.ogg","pitch":1,"volume":0.65},
	],
	"armaa_flamer_loop":[ 
		{"file":"sounds/armaa/armaa_flamer_loop.ogg","pitch":1,"volume":0.85},
		{"file":"sounds/armaa/armaa_flamer_loop.ogg","pitch":1.03,"volume":0.88},
		{"file":"sounds/armaa/armaa_flamer_loop.ogg","pitch":.97,"volume":0.82},
	],
	"armaa_silversword_activate":[ 
		{"file":"sounds/armaa/armaa_silversword_activate.ogg","pitch":1,"volume":0.65},
	],
	"armaa_buster_charge":[ 
	{"file":"sounds/armaa/armaa_buster_charge.ogg","pitch":.8,"volume":0.9},
	{"file":"sounds/armaa/armaa_buster_charge.ogg","pitch":.8,"volume":0.93},
	{"file":"sounds/armaa/armaa_buster_charge.ogg","pitch":.8,"volume":0.87},
	],
        # ION BUST
        "armaa_buster_fire":[
        {"file":"sounds/armaa/armaa_buster_fire.ogg","pitch":0.97,"volume":0.99},
        {"file":"sounds/armaa/armaa_buster_fire.ogg","pitch":1.00,"volume":1.00},
        {"file":"sounds/armaa/armaa_buster_fire.ogg","pitch":1.03,"volume":1.01},

        ],
        "armaa_crusher_fire":[
        {"file":"sounds/armaa/armaa_crusher_fire.ogg","pitch":0.97,"volume":0.99},
        {"file":"sounds/armaa/armaa_crusher_fire.ogg","pitch":1.00,"volume":1.00},
        {"file":"sounds/armaa/armaa_crusher_fire.ogg","pitch":1.03,"volume":1.01},

        ],
        "armaa_buster_hit":[
        {"file":"sounds/armaa/armaa_buster_impact_1.ogg","pitch":1.07,"volume":0.99},
        {"file":"sounds/armaa/armaa_buster_impact_1.ogg","pitch":1.1,"volume":1.00},
        {"file":"sounds/armaa/armaa_buster_impact_1.ogg","pitch":1.13,"volume":1.01},
        {"file":"sounds/armaa/armaa_buster_impact_2.ogg","pitch":1.07,"volume":0.99},
        {"file":"sounds/armaa/armaa_buster_impact_2.ogg","pitch":1.10,"volume":1.00},
        {"file":"sounds/armaa/armaa_buster_impact_2.ogg","pitch":1.13,"volume":1.01},

        ],
	"armaa_chaingun_fire":[ 
		{"file":"sounds/armaa/armaa_chaingun_02.ogg","pitch":1,"volume":0.85},
		{"file":"sounds/armaa/armaa_chaingun_02.ogg","pitch":1.03,"volume":0.86},
		{"file":"sounds/armaa/armaa_chaingun_02.ogg","pitch":.97,"volume":0.84},
		{"file":"sounds/armaa/armaa_chaingun_01.ogg","pitch":1,"volume":0.85},
		{"file":"sounds/armaa/armaa_chaingun_01.ogg","pitch":1.03,"volume":0.86},
		{"file":"sounds/armaa/armaa_chaingun_01.ogg","pitch":.97,"volume":0.84}
	],

	"armaa_stake_shot":[ 
		{"file":"sounds/armaa/stake_shot.ogg","pitch":1,"volume":0.8},
	],
	"armaa_stake_empty":[ 
		{"file":"sounds/armaa/armaa_spike_empty01.ogg","pitch":1,"volume":0.85},
	],
	"rynex_fire":
	[
		{"file":"sounds/armaa/rynex_beam_fire_03.ogg","pitch":1,"volume":1},
		{"file":"sounds/armaa/rynex_beam_fire_03.ogg","pitch":1.03,"volume":1.03},
		{"file":"sounds/armaa/rynex_beam_fire_03.ogg","pitch":.97,"volume":.97},

	],
	"vajra_fire":
	[
		{"file":"sounds/armaa/rynex_beam_fire_04.ogg","pitch":1,"volume":1},
		{"file":"sounds/armaa/rynex_beam_fire_04.ogg","pitch":1.03,"volume":1.03},
		{"file":"sounds/armaa/rynex_beam_fire_04.ogg","pitch":.97,"volume":.97},

	],
	"heavy_rynex_fire":
	[
		{"file":"sounds/armaa/rynex_heavybeam_fire.ogg","pitch":1,"volume":1},
		{"file":"sounds/armaa/rynex_heavybeam_fire.ogg","pitch":1.03,"volume":1.03},

	],
	"armaa_shotgun_fire":
	[
		{"file":"sounds/armaa/shotgun_shot.ogg","pitch":1,"volume":0.5},
	],
	"armaa_shotgun_fire_small":
	[
		{"file":"sounds/armaa/shotgun_shot_small.ogg","pitch":1,"volume":0.5},
	],
	"armaa_rifle_shot":
	[
		{"file":"sounds/armaa/armaa_rifle_shot.ogg","pitch":1,"volume":0.5},
	],
	"armaa_minigun_fire":
	[
		{"file":"sounds/armaa/armaa_minigun_shot.ogg","pitch":1,"volume":0.5},
	],
	"armaa_minigun_windup":
	[
		{"file":"sounds/armaa/armaa_minigun_chargeup.ogg","pitch":1,"volume":0.5},
	],
	"armaa_shotgun_cock":
	[
		{"file":"sounds/armaa/shotgun_cock.ogg","pitch":1,"volume":1},
	],
	
	"homing_fire":[							{"file":"sounds/armaa/Fire3.ogg","pitch":1,"volume":0.6},
{"file":"sounds/armaa/Fire3.ogg","pitch":1.03,"volume":0.63},
{"file":"sounds/armaa/Fire3.ogg","pitch":.97,"volume":0.67},
	],
	"carbinecharge":[							{"file":"sounds/armaa/SND.DAT_00121slo.ogg","pitch":1,"volume":0.5},
{"file":"sounds/armaa/SND.DAT_00121slo.ogg","pitch":1.03,"volume":0.53},
{"file":"sounds/armaa/SND.DAT_00121slo.ogg","pitch":.97,"volume":0.47},
	],
	"beamcharge":[							
			{"file":"sounds/armaa/beamcharge2.ogg","pitch":1,"volume":0.8},
	],
	"beamchargeM":[							
			{"file":"sounds/armaa/beamchargeM.ogg","pitch":1,"volume":0.95},
	],
	"beambang":[							
			{"file":"sounds/armaa/beambang.ogg","pitch":1,"volume":0.6},
	],
	"beambangM":[							
			{"file":"sounds/armaa/beambangM.ogg","pitch":1,"volume":0.95},
	],
	"beamfire":[							
			{"file":"sounds/armaa/beamfire.ogg","pitch":1,"volume":0.6},
	],
	"beamfireM":[							
			{"file":"sounds/armaa/beamfireM.ogg","pitch":1,"volume":0.95},
	],
	"carbine2":[							{"file":"sounds/armaa/SND.DAT_00137lo.ogg","pitch":1,"volume":0.55},
{"file":"sounds/armaa/SND.DAT_00137lo.ogg","pitch":1.03,"volume":0.58},
{"file":"sounds/armaa/SND.DAT_00137lo.ogg","pitch":.97,"volume":0.52},
	],
	"launch":[
{"file":"sounds/armaa/emp_emitter_activate.ogg","pitch":1,"volume":0.5},
	],
	"armaa_repair":[
{"file":"sounds/armaa/drone_repair.ogg","pitch":.8,"volume":0.5},
	],
	"reloaddrone":[
{"file":"sounds/armaa/reloaddrone.ogg","pitch":1,"volume":0.15},
	],
		
	
}




