{	
	"companies":{

		"rocketStars":{
			"name":"The Rocket Stars",
			"desc":"A band of mercenaries who earned notoriety during the Battle of Meshan during c. 94.",
			"feeUpfront":95000,
			"feeMonthly":2800,
			"faction":"armaarmatura",
			"minRep":"NEUTRAL",
			"minLevel":7,
			"ships":[
				["armaa_altagrave_r_standard"],
				["armaa_xyphos_standard"],
				["armaa_leynos_cc_standard"],
			],
			"officers":[
				{
					"firstName":"Crimson",
					"lastName":"Comet",
					"gender":"f",
					"portrait":"graphics/armaa/portraits/armaa_crimson.png",
					"level":7,
					"rankId":"spaceCommander",
					"voice":"pw_crimson1",
					"persistentId":"armaa_crimson",
					"averageSMods":2,
				},
				{
					"level":6,
					"voice":"soldier",
					"averageSMods":2,
				},
				{
					"level":6,
					"voice":"soldier",
					"averageSMods":2,
				},
			],
			"averageSMods":2,
			"miscData":{
				"angeredByInsults":true,
			},
		},
		
	}
}