{
"combatSmallForSmallFleet":{
"armaa_garegga_tt_standard":2,
"armaa_garegga_tt_assault":2,
},
  "combatSmall": {
    "armaa_garegga_tt_standard":2,
    "armaa_garegga_standard":2,
	"armaa_aleste_standard_f":2,
	"armaa_hazard_standard":2,
	"armaa_xyphos_standard":2,
	"armaa_leynos_standard":2,
	"armaa_einhander_Overclocked": 0.9,
  },
  "combatMedium": {
    "armaa_altagrave_standard":2,
    "armaa_altagrave_c_Standard":2,
    "armaa_altagrave_g_Standard":2,
    "armaa_monitor_standard":2,
  },
  "phaseMedium": {
  },
  "phaseLarge": {
  },
  "phaseCapital": {
  },
  "freighterSmall": {
  },
  "freighterMedium": {
  },
  "freighterLarge": {
  },
  "tankerSmall": {
  },
  "tankerMedium": { 
  },
  "tankerLarge": {
  },
  "personnelSmall": {
  },
  "personnelMedium": {
  },
  "personnelLarge": {
  },
  "linerSmall": {
  },
  "linerMedium": {
  },
  "linerLarge": {
  },
  "tug": {
  },
  "crig": {
  },
  "utility": {
  },
  "orbitalStationLowTech": {
  },
  "battlestationLowTech": {
  },
}
